{
    "id": "theme_aurora_premium",
    "name": "Aurora Premium 极光主题",
    "version": "1.0.0",
    "type": "theme",
    "description": "高端液态玻璃风格主题，融合深色石墨色与金色点缀，支持亮色/暗色双模式切换。搭配 Cormorant + Montserrat 字体组合，打造奢华购物体验。",
    "author": {
        "name": "LecFaka Official",
        "email": "support@leclee.top",
        "url": "https://plugins.leclee.top"
    },
    "icon": "🌌",
    "price": 69,
    "license_required": true,
    "min_app_version": "1.0.0",
    "backend": {
        "entry": "__init__:Plugin"
    },
    "frontend": {},
    "config_schema": {
        "active_theme_id": {
            "type": "select",
            "label": "主题变体（风格子选项）",
            "description": "选择 Aurora Premium 提供的风格套餐，选中后覆盖默认参数",
            "options": [
                {
                    "label": "极光金 (默认)",
                    "value": "default"
                },
                {
                    "label": "深海蓝",
                    "value": "ocean"
                },
                {
                    "label": "赛博紫",
                    "value": "cyber"
                },
                {
                    "label": "森林绿",
                    "value": "forest"
                }
            ],
            "default": "default"
        },
        "accent_color": {
            "type": "color",
            "label": "强调色",
            "description": "主按钮和高亮元素的颜色",
            "default": "#CA8A04"
        },
        "dark_mode": {
            "type": "select",
            "label": "默认模式",
            "description": "前台展示的默认颜色模式",
            "options": [
                {
                    "label": "跟随系统",
                    "value": "auto"
                },
                {
                    "label": "亮色模式",
                    "value": "light"
                },
                {
                    "label": "暗色模式",
                    "value": "dark"
                }
            ],
            "default": "auto"
        },
        "glass_effect": {
            "type": "switch",
            "label": "毛玻璃特效",
            "description": "开启液态玻璃视觉效果",
            "default": true
        },
        "custom_font": {
            "type": "switch",
            "label": "高端字体",
            "description": "使用 Cormorant + Montserrat 字体组合（需联网加载 Google Fonts）",
            "default": true
        }
    },
    "changelog": {
        "1.0.0": "首个正式版 - Liquid Glass 风格，亮/暗双模式，自定义强调色"
    }
}